username,email,full_name,role
Jean5951396312891434329,Jean-6126751052611534989,Jean-870083081422558396@gmail.com,"ROLE_USER"
Jean2986748042833120316,Jean-5425268719260215773,Jean7183250599855107605@gmail.com,"ROLE_USER"
Jean-7411336509090368889,Jean7385977599894806857,Jean525570816516794320@gmail.com,"ROLE_USER"
Jean-982156746675684183,Jean1178691518054694921,Jean2835549575218383921@gmail.com,"ROLE_USER"
Jean2534776923501623340,Jean-5767146742011634863,Jean89232383465897401@gmail.com,"ROLE_USER"
Jean-7016224533493785977,Jean5725372111184118991,Jean-5358005319609872316@gmail.com,"ROLE_USER"
Jean-7604592578885794521,Jean7562793300935649363,Jean8844752329464388017@gmail.com,"ROLE_USER"
Jean-8580525526586350989,Jean2999186145835395103,Jean-3190369328386351892@gmail.com,"ROLE_USER"
Jean-880447028781779161,Jean6549729803306599760,Jean-4660545088976673606@gmail.com,"ROLE_USER"
Jean3774726526710127287,Jean-4292766283928068651,Jean-1181705790426444221@gmail.com,"ROLE_USER"
Jean-5342767767378687843,Jean-4086371499339657612,Jean-2282590550910775819@gmail.com,"ROLE_USER"
Jean-2830806822587871719,Jean-1005104777750441819,Jean-5760791713708961150@gmail.com,"ROLE_USER"
Jean-2113488361045111290,Jean-222741453655755881,Jean-7643442510885300591@gmail.com,"ROLE_USER"
Jean-7958412460383151724,Jean-6348126310457727716,Jean-932633262073675178@gmail.com,"ROLE_USER"
Jean5528835628093141644,Jean-5950984140411354831,Jean-4180090708624832492@gmail.com,"ROLE_USER"
Jean-2731698746917760148,Jean-4316469787218975532,Jean8013259291281510106@gmail.com,"ROLE_USER"
Jean932174181716497232,Jean3868037546689614230,Jean-6594066039943323832@gmail.com,"ROLE_USER"
Jean-8319004202876001590,Jean2576270035719664538,Jean4299198186417932069@gmail.com,"ROLE_USER"
Jean1541991424587782805,Jean-6160340965892932011,Jean3169335491307388233@gmail.com,"ROLE_USER"
Jean4544919468937178591,Jean6869589188347324621,Jean-5329204933784230774@gmail.com,"ROLE_USER"
Jean-3619768127110869575,Jean6541384293313184239,Jean4212537895228303468@gmail.com,"ROLE_USER"
Jean1252973374122833865,Jean-2622848158643585810,Jean-8591963323777378017@gmail.com,"ROLE_USER"
Jean-7489651021775144079,Jean-7707487811366975657,Jean8635539088090921897@gmail.com,"ROLE_USER"
Jean-8718698351620705272,Jean1568641000695895627,Jean6685805403035087503@gmail.com,"ROLE_USER"
Jean725745822996304850,Jean-7243414219080118126,Jean6177076920525573829@gmail.com,"ROLE_USER"
Jean-9196951278806973691,Jean200097237735993981,Jean7496991890057835554@gmail.com,"ROLE_USER"
Jean-658107510765461789,Jean-5437867787325947779,Jean-2605067407164248253@gmail.com,"ROLE_USER"
Jean8611299641494059238,Jean-2794521425768970335,Jean7107229275266186692@gmail.com,"ROLE_USER"
Jean-1661139447904189598,Jean2003064453820120869,Jean1473779625310283413@gmail.com,"ROLE_USER"
Jean-400362666552193927,Jean2326922927607791282,Jean1805486880332003125@gmail.com,"ROLE_USER"
Jean884989953463686555,Jean7882597268114796395,Jean4548573983209176276@gmail.com,"ROLE_USER"
Jean-3212864911339822921,Jean-3822348721966555022,Jean-1601126999047247255@gmail.com,"ROLE_USER"
Jean-6084824047028530622,Jean1598030035434139275,Jean7175417681304654447@gmail.com,"ROLE_USER"
Jean-5726332641341775845,Jean7746138906846515257,Jean-5592709484815894312@gmail.com,"ROLE_USER"
Jean-881901030624322467,Jean-840357583305797319,Jean-3939538285671119591@gmail.com,"ROLE_USER"
Jean-1728691781076130145,Jean-5078994589714998357,Jean7635219483573846558@gmail.com,"ROLE_USER"
Jean978521047681612709,Jean-4373744315325099392,Jean3266362991018731186@gmail.com,"ROLE_USER"
Jean8598703982783915532,Jean6603364640474372900,Jean-2398083320651322834@gmail.com,"ROLE_USER"
Jean-8075605684646521616,Jean7366584257167930867,Jean6286151019800719018@gmail.com,"ROLE_USER"
Jean2595912292733417694,Jean-7224110978803964908,Jean-1148985379221668463@gmail.com,"ROLE_USER"
Jean8308356861456409462,Jean9180611614453164396,Jean-5739507203693726691@gmail.com,"ROLE_USER"
Jean4152908627817019241,Jean2774880757458796792,Jean514659946094659204@gmail.com,"ROLE_USER"
Jean-6738177335666209633,Jean2396000023743798627,Jean2278326676192068456@gmail.com,"ROLE_USER"
Jean2334559312270892881,Jean292682391549048477,Jean7592139523534235582@gmail.com,"ROLE_USER"
Jean3281035304198355831,Jean-1055202849824999426,Jean-3870486390554848897@gmail.com,"ROLE_USER"
Jean-8081072976269590916,Jean8651620456838939282,Jean2339014071952033033@gmail.com,"ROLE_USER"
Jean6409524248417052032,Jean-3545805826138777744,Jean4513034944144718115@gmail.com,"ROLE_USER"
Jean6704788388154067687,Jean331003259682478554,Jean4960028398281623477@gmail.com,"ROLE_USER"
Jean-2880866602561570694,Jean5949838525090017425,Jean-5608217646216372082@gmail.com,"ROLE_USER"
Jean-3063814637259385008,Jean5663430181866036227,Jean-2878868998950934653@gmail.com,"ROLE_USER"
Jean-3284099332626602873,Jean8417788281175356293,Jean121279898278937698@gmail.com,"ROLE_USER"
Jean7345186297438443277,Jean3915814345819012775,Jean-7144061135997010944@gmail.com,"ROLE_USER"
Jean6965032736649267469,Jean1339850084239431736,Jean-81531300108989296@gmail.com,"ROLE_USER"
Jean8605431667033459181,Jean5604035383044024114,Jean7195602763869008711@gmail.com,"ROLE_USER"
Jean3275754491343698399,Jean-3927948211605374123,Jean-2621340341893105215@gmail.com,"ROLE_USER"
Jean-1033835471119084869,Jean-8129192638544415054,Jean3302072419220485075@gmail.com,"ROLE_USER"
Jean-7909559621571203598,Jean-8421639354848620720,Jean1977040550801715843@gmail.com,"ROLE_USER"
Jean5534024735643606879,Jean-5239614545267840257,Jean-2199019815813368786@gmail.com,"ROLE_USER"
Jean2725354908997637928,Jean5727361442563374134,Jean3401127508403542414@gmail.com,"ROLE_USER"
Jean-996210719103292228,Jean2490783161830029966,Jean-3829700439771740498@gmail.com,"ROLE_USER"
Jean6385276761308996720,Jean1168418055262970604,Jean2297975995251763197@gmail.com,"ROLE_USER"
